"Data Source","World Development Indicators",

"Last Updated Date","2017-09-18",

"Country Name","Country Code","Indicator Name","Indicator Code","1960","1961","1962","1963","1964","1965","1966","1967","1968","1969","1970","1971","1972","1973","1974","1975","1976","1977","1978","1979","1980","1981","1982","1983","1984","1985","1986","1987","1988","1989","1990","1991","1992","1993","1994","1995","1996","1997","1998","1999","2000","2001","2002","2003","2004","2005","2006","2007","2008","2009","2010","2011","2012","2013","2014","2015","2016",
"Aruba","ABW","Depth of the food deficit (kilocalories per person per day)","SN.ITK.DFCT","","","","","","","","","","","","","","","","","","","","","","","","","","","","","","","","","","","","","","","","","","","","","","","","","","","","","","","","","",
"Afghanistan","AFG","Depth of the food deficit (kilocalories per person per day)","SN.ITK.DFCT","","","","","","","","","","","","","","","","","","","","","","","","","","","","","","","","","202","249","279","312","329","329","322","312","309","318","326","321","292","256","224","201","184","168","158","151","149","151","158","166","173",
"Angola","AGO","Depth of the food deficit (kilocalories per person per day)","SN.ITK.DFCT","","","","","","","","","","","","","","","","","","","","","","","","","","","","","","","","","499","509","510","509","485","457","431","412","394","375","354","326","293","259","232","209","189","168","149","132","120","111","104","96","90",
"Albania","ALB","Depth of the food deficit (kilocalories per person per day)","SN.ITK.DFCT","","","","","","","","","","","","","","","","","","","","","","","","","","","","","","","","","","","","","","","","","","","","","","","","","","","","","","","","","",
"Andorra","AND","Depth of the food deficit (kilocalories per person per day)","SN.ITK.DFCT","","","","","","","","","","","","","","","","","","","","","","","","","","","","","","","","","","","","","","","","","","","","","","","","","","","","","","","","","",
"Arab World","ARB","Depth of the food deficit (kilocalories per person per day)","SN.ITK.DFCT","","","","","","","","","","","","","","","","","","","","","","","","","","","","","","","","","71.0798243878606","73.2235154006246","74.4534178900474","76.5271914352787","75.8766168558167","75.6599293446698","76.3602343038217","76.3374967033614","75.4615942146319","73.620801875426","71.7412703727942","71.5816327697459","72.6712906894454","74.3958757605772","75.8258261992316","76.668488506094","76.0268304902254","75.291663869456","73.4025354046189","71.5479904796716","55.2397269614458","53.2368494980676","52.198815442493","51.7289302845567","50.998723159355",
"United Arab Emirates","ARE","Depth of the food deficit (kilocalories per person per day)","SN.ITK.DFCT","","","","","","","","","","","","","","","","","","","","","","","","","","","","","","","","","14","13","11","10","9","9","9","9","9","9","10","11","12","14","18","24","29","33","35","34","33","30","26","22","18",
"Argentina","ARG","Depth of the food deficit (kilocalories per person per day)","SN.ITK.DFCT","","","","","","","","","","","","","","","","","","","","","","","","","","","","","","","","","15","12","11","9","8","8","8","8","7","6","7","9","12","14","14","12","11","10","10","10","10","8","6","3","2",
"Armenia","ARM","Depth of the food deficit (kilocalories per person per day)","SN.ITK.DFCT","","","","","","","","","","","","","","","","","","","","","","","","","","","","","","","","","177","184","186","190","156","134","116","120","133","153","166","162","139","105","77","58","47","43","43","46","48","49","48","45","41",
"American Samoa","ASM","Depth of the food deficit (kilocalories per person per day)","SN.ITK.DFCT","","","","","","","","","","","","","","","","","","","","","","","","","","","","","","","","","","","","","","","","","","","","","","","","","","","","","","","","","",
"Antigua and Barbuda","ATG","Depth of the food deficit (kilocalories per person per day)","SN.ITK.DFCT","","","","","","","","","","","","","","","","","","","","","","","","","","","","","","","","","","","","","","","","","","","","","","","","","","","","","","","","","",
"Australia","AUS","Depth of the food deficit (kilocalories per person per day)","SN.ITK.DFCT","","","","","","","","","","","","","","","","","","","","","","","","","","","","","","","","","","","","","","","","","","","","","","","","","","","","","","","","","",
"Austria","AUT","Depth of the food deficit (kilocalories per person per day)","SN.ITK.DFCT","","","","","","","","","","","","","","","","","","","","","","","","","","","","","","","","","","","","","","","","","","","","","","","","","","","","","","","","","",
"Azerbaijan","AZE","Depth of the food deficit (kilocalories per person per day)","SN.ITK.DFCT","","","","","","","","","","","","","","","","","","","","","","","","","","","","","","","","","163","164","160","161","175","190","195","202","187","158","118","88","64","46","33","26","24","23","23","21","18","16","15","13","12",
"Burundi","BDI","Depth of the food deficit (kilocalories per person per day)","SN.ITK.DFCT","","","","","","","","","","","","","","","","","","","","","","","","","","","","","","","","","","","","","","","","","","","","","","","","","","","","","","","","","",
"Belgium","BEL","Depth of the food deficit (kilocalories per person per day)","SN.ITK.DFCT","","","","","","","","","","","","","","","","","","","","","","","","","","","","","","","","","","","","","","","","","","","","","","","","","","","","","","","","","",
"Benin","BEN","Depth of the food deficit (kilocalories per person per day)","SN.ITK.DFCT","","","","","","","","","","","","","","","","","","","","","","","","","","","","","","","","","190","187","193","191","186","177","170","167","164","159","147","135","121","112","103","97","90","83","80","78","77","69","60","52","48",
"Burkina Faso","BFA","Depth of the food deficit (kilocalories per person per day)","SN.ITK.DFCT","","","","","","","","","","","","","","","","","","","","","","","","","","","","","","","","","177","166","156","147","141","140","149","163","180","194","205","217","219","217","210","206","201","196","188","181","174","170","167","167","167",
"Bangladesh","BGD","Depth of the food deficit (kilocalories per person per day)","SN.ITK.DFCT","","","","","","","","","","","","","","","","","","","","","","","","","","","","","","","","","247","252","264","277","279","270","251","222","189","158","139","129","124","118","116","114","115","117","119","120","121","122","122","120","116",
"Bulgaria","BGR","Depth of the food deficit (kilocalories per person per day)","SN.ITK.DFCT","","","","","","","","","","","","","","","","","","","","","","","","","","","","","","","","","","","","","","","","","","","","","","","","","","","","","","","","","",
"Bahrain","BHR","Depth of the food deficit (kilocalories per person per day)","SN.ITK.DFCT","","","","","","","","","","","","","","","","","","","","","","","","","","","","","","","","","","","","","","","","","","","","","","","","","","","","","","","","","",
"Bahamas, The","BHS","Depth of the food deficit (kilocalories per person per day)","SN.ITK.DFCT","","","","","","","","","","","","","","","","","","","","","","","","","","","","","","","","","","","","","","","","","","","","","","","","","","","","","","","","","",
"Bosnia and Herzegovina","BIH","Depth of the food deficit (kilocalories per person per day)","SN.ITK.DFCT","","","","","","","","","","","","","","","","","","","","","","","","","","","","","","","","","","","","","","","","","","","","","","","","","","","","","","","","","",
"Belarus","BLR","Depth of the food deficit (kilocalories per person per day)","SN.ITK.DFCT","","","","","","","","","","","","","","","","","","","","","","","","","","","","","","","","","","","","","","","","","","","","","","","","","","","","","","","","","",
"Belize","BLZ","Depth of the food deficit (kilocalories per person per day)","SN.ITK.DFCT","","","","","","","","","","","","","","","","","","","","","","","","","","","","","","","","","58","51","44","39","39","40","42","43","42","39","35","32","30","29","29","30","32","34","36","36","36","38","40","41","40",
"Bermuda","BMU","Depth of the food deficit (kilocalories per person per day)","SN.ITK.DFCT","","","","","","","","","","","","","","","","","","","","","","","","","","","","","","","","","","","","","","","","","","","","","","","","","","","","","","","","","",
"Bolivia","BOL","Depth of the food deficit (kilocalories per person per day)","SN.ITK.DFCT","","","","","","","","","","","","","","","","","","","","","","","","","","","","","","","","","261","245","249","243","240","228","232","239","247","235","221","208","207","209","210","201","193","189","190","182","164","140","120","109","104",
"Brazil","BRA","Depth of the food deficit (kilocalories per person per day)","SN.ITK.DFCT","","","","","","","","","","","","","","","","","","","","","","","","","","","","","","","","","110","106","107","105","103","102","100","99","97","92","83","70","56","42","33","27","22","19","17","15","13","12","11","11","10",
"Barbados","BRB","Depth of the food deficit (kilocalories per person per day)","SN.ITK.DFCT","","","","","","","","","","","","","","","","","","","","","","","","","","","","","","","","","16","19","21","25","27","28","28","27","30","32","37","38","43","45","49","49","45","38","32","27","24","24","24","23","21",
"Brunei Darussalam","BRN","Depth of the food deficit (kilocalories per person per day)","SN.ITK.DFCT","","","","","","","","","","","","","","","","","","","","","","","","","","","","","","","","","21","22","19","18","16","16","16","18","19","20","20","17","15","12","12","12","14","16","18","20","19","17","15","13","12",
"Bhutan","BTN","Depth of the food deficit (kilocalories per person per day)","SN.ITK.DFCT","","","","","","","","","","","","","","","","","","","","","","","","","","","","","","","","","","","","","","","","","","","","","","","","","","","","","","","","","",
"Botswana","BWA","Depth of the food deficit (kilocalories per person per day)","SN.ITK.DFCT","","","","","","","","","","","","","","","","","","","","","","","","","","","","","","","","","168","182","198","213","211","210","214","232","253","262","266","263","262","253","245","240","243","244","239","227","214","200","191","183","177",
"Central African Republic","CAF","Depth of the food deficit (kilocalories per person per day)","SN.ITK.DFCT","","","","","","","","","","","","","","","","","","","","","","","","","","","","","","","","","356","360","368","376","381","380","368","356","340","331","319","316","314","316","313","305","292","277","263","253","251","265","302","349","380",
"Canada","CAN","Depth of the food deficit (kilocalories per person per day)","SN.ITK.DFCT","","","","","","","","","","","","","","","","","","","","","","","","","","","","","","","","","","","","","","","","","","","","","","","","","","","","","","","","","",
"Central Europe and the Baltics","CEB","Depth of the food deficit (kilocalories per person per day)","SN.ITK.DFCT","","","","","","","","","","","","","","","","","","","","","","","","","","","","","","","","","","","","","","","","","","","","","","","","","","","","","","","","","",
"Switzerland","CHE","Depth of the food deficit (kilocalories per person per day)","SN.ITK.DFCT","","","","","","","","","","","","","","","","","","","","","","","","","","","","","","","","","","","","","","","","","","","","","","","","","","","","","","","","","",
"Channel Islands","CHI","Depth of the food deficit (kilocalories per person per day)","SN.ITK.DFCT","","","","","","","","","","","","","","","","","","","","","","","","","","","","","","","","","","","","","","","","","","","","","","","","","","","","","","","","","",
"Chile","CHL","Depth of the food deficit (kilocalories per person per day)","SN.ITK.DFCT","","","","","","","","","","","","","","","","","","","","","","","","","","","","","","","","","60","53","47","41","38","36","35","34","34","33","31","30","28","28","27","27","26","27","27","28","26","25","23","22","20",
"China","CHN","Depth of the food deficit (kilocalories per person per day)","SN.ITK.DFCT","","","","","","","","","","","","","","","","","","","","","","","","","","","","","","","","","188","193","185","172","157","145","138","133","131","130","129","129","129","129","128","126","121","116","108","101","94","88","83","78","74",
"Cote d'Ivoire","CIV","Depth of the food deficit (kilocalories per person per day)","SN.ITK.DFCT","","","","","","","","","","","","","","","","","","","","","","","","","","","","","","","","","66","67","70","74","73","73","74","81","91","102","113","118","116","109","103","98","97","99","102","103","102","99","96","94","93",
"Cameroon","CMR","Depth of the food deficit (kilocalories per person per day)","SN.ITK.DFCT","","","","","","","","","","","","","","","","","","","","","","","","","","","","","","","","","260","258","252","259","264","264","257","245","233","220","209","195","181","166","152","137","122","109","96","85","76","68","66","64","63",
"Congo, Dem. Rep.","COD","Depth of the food deficit (kilocalories per person per day)","SN.ITK.DFCT","","","","","","","","","","","","","","","","","","","","","","","","","","","","","","","","","","","","","","","","","","","","","","","","","","","","","","","","","",
"Congo, Rep.","COG","Depth of the food deficit (kilocalories per person per day)","SN.ITK.DFCT","","","","","","","","","","","","","","","","","","","","","","","","","","","","","","","","","322","323","327","334","341","345","341","325","296","261","228","205","193","200","213","233","236","234","226","217","204","190","188","196","206",
"Colombia","COL","Depth of the food deficit (kilocalories per person per day)","SN.ITK.DFCT","","","","","","","","","","","","","","","","","","","","","","","","","","","","","","","","","101","95","88","79","73","69","68","69","70","68","66","62","61","61","65","67","65","64","67","75","79","78","73","67","62",
"Comoros","COM","Depth of the food deficit (kilocalories per person per day)","SN.ITK.DFCT","","","","","","","","","","","","","","","","","","","","","","","","","","","","","","","","","","","","","","","","","","","","","","","","","","","","","","","","","",
"Cabo Verde","CPV","Depth of the food deficit (kilocalories per person per day)","SN.ITK.DFCT","","","","","","","","","","","","","","","","","","","","","","","","","","","","","","","","","100","98","83","84","93","109","118","123","123","124","129","131","130","121","110","99","94","91","91","90","87","82","77","72","68",
"Costa Rica","CRI","Depth of the food deficit (kilocalories per person per day)","SN.ITK.DFCT","","","","","","","","","","","","","","","","","","","","","","","","","","","","","","","","","33","34","34","34","35","36","38","38","36","34","34","36","39","41","41","38","36","35","36","37","37","38","40","39","35",
"Caribbean small states","CSS","Depth of the food deficit (kilocalories per person per day)","SN.ITK.DFCT","","","","","","","","","","","","","","","","","","","","","","","","","","","","","","","","","88.6362057647221","88.8809404924867","87.0774237767516","84.1024299417302","81.0488582899447","78.5638956746761","76.191517195048","74.6409738563755","71.9415639832336","68.2559630046253","63.9037635804604","60.9760490546998","60.2430055858055","60.7726433224245","61.3972625944088","61.6167818775769","61.4923131128184","61.1466666032128","62.2390375006058","62.0931051779788","61.520449773739","60.9733671055429","61.0095036347696","59.598400147906","56.1995407898408",
"Cuba","CUB","Depth of the food deficit (kilocalories per person per day)","SN.ITK.DFCT","","","","","","","","","","","","","","","","","","","","","","","","","","","","","","","","","39","63","94","133","152","147","122","90","61","39","27","19","15","12","10","11","12","14","15","15","15","12","10","8","7",
"Curacao","CUW","Depth of the food deficit (kilocalories per person per day)","SN.ITK.DFCT","","","","","","","","","","","","","","","","","","","","","","","","","","","","","","","","","","","","","","","","","","","","","","","","","","","","","","","","","",
"Cayman Islands","CYM","Depth of the food deficit (kilocalories per person per day)","SN.ITK.DFCT","","","","","","","","","","","","","","","","","","","","","","","","","","","","","","","","","","","","","","","","","","","","","","","","","","","","","","","","","",
"Cyprus","CYP","Depth of the food deficit (kilocalories per person per day)","SN.ITK.DFCT","","","","","","","","","","","","","","","","","","","","","","","","","","","","","","","","","","","","","","","","","","","","","","","","","","","","","","","","","",
"Czech Republic","CZE","Depth of the food deficit (kilocalories per person per day)","SN.ITK.DFCT","","","","","","","","","","","","","","","","","","","","","","","","","","","","","","","","","","","","","","","","","","","","","","","","","","","","","","","","","",
"Germany","DEU","Depth of the food deficit (kilocalories per person per day)","SN.ITK.DFCT","","","","","","","","","","","","","","","","","","","","","","","","","","","","","","","","","","","","","","","","","","","","","","","","","","","","","","","","","",
"Djibouti","DJI","Depth of the food deficit (kilocalories per person per day)","SN.ITK.DFCT","","","","","","","","","","","","","","","","","","","","","","","","","","","","","","","","","669","695","685","666","632","593","559","519","473","434","400","380","357","331","299","262","230","203","188","178","169","156","143","130","118",
"Dominica","DMA","Depth of the food deficit (kilocalories per person per day)","SN.ITK.DFCT","","","","","","","","","","","","","","","","","","","","","","","","","","","","","","","","","","","","","","","","","","","","","","","","","","","","","","","","","",
"Denmark","DNK","Depth of the food deficit (kilocalories per person per day)","SN.ITK.DFCT","","","","","","","","","","","","","","","","","","","","","","","","","","","","","","","","","","","","","","","","","","","","","","","","","","","","","","","","","",
"Dominican Republic","DOM","Depth of the food deficit (kilocalories per person per day)","SN.ITK.DFCT","","","","","","","","","","","","","","","","","","","","","","","","","","","","","","","","","247","230","219","199","190","194","212","228","232","222","204","198","200","206","195","174","155","146","141","129","112","98","91","88","86",
"Algeria","DZA","Depth of the food deficit (kilocalories per person per day)","SN.ITK.DFCT","","","","","","","","","","","","","","","","","","","","","","","","","","","","","","","","","48","47","45","46","50","55","60","62","62","60","58","56","53","51","50","48","46","43","40","36","31","26","23","21","20",
"East Asia & Pacific (excluding high income)","EAP","Depth of the food deficit (kilocalories per person per day)","SN.ITK.DFCT","","","","","","","","","","","","","","","","","","","","","","","","","","","","","","","","","199.288062289593","201.679473713194","193.718204167966","181.374004537623","167.569325071372","156.83025091312","150.572232948239","146.84859755741","144.729878170782","143.363826943653","141.290013351396","139.833429701919","137.735834854602","135.780199871453","133.313425321981","130.261019007988","125.085297735477","119.345382218993","110.466904514114","102.327740391681","94.5904943611474","88.41043501187","83.505418571312","78.9307920646725","75.4099471149968",
"Early-demographic dividend","EAR","Depth of the food deficit (kilocalories per person per day)","SN.ITK.DFCT","","","","","","","","","","","","","","","","","","","","","","","","","","","","","","","","","165.22945101462","160.428783879572","159.836226201657","157.819992750989","154.5095194403","148.595067994512","142.746249545777","137.616183729074","132.992953758805","129.544307105922","129.152081310652","132.222621683698","135.79695670155","137.587582245761","136.646737303222","131.140638363881","123.308131626632","115.358571442691","108.930765382214","104.234042303542","100.918005476484","98.4906245114328","97.1052185474392","96.0083540733707","94.6409007307337",
"East Asia & Pacific","EAS","Depth of the food deficit (kilocalories per person per day)","SN.ITK.DFCT","","","","","","","","","","","","","","","","","","","","","","","","","","","","","","","","","192.477848708454","194.76367661872","187.090172697468","175.185687856481","161.87793758366","151.516833940097","145.521271337662","141.951708549831","139.94448685931","138.661267254139","136.713376522627","135.3966636006","133.416895576849","131.566117753021","129.234765322009","126.32596683155","121.373525764765","115.861034437798","107.296624338624","99.4165916096093","91.9027708260827","85.903679786401","81.562594910754","77.079526168198","73.6501053653221",
"Europe & Central Asia (excluding high income)","ECA","Depth of the food deficit (kilocalories per person per day)","SN.ITK.DFCT","","","","","","","","","","","","","","","","","","","","","","","","","","","","","","","","","","","","","","","","","","","","","","","","","","","","","","","","","",
"Europe & Central Asia","ECS","Depth of the food deficit (kilocalories per person per day)","SN.ITK.DFCT","","","","","","","","","","","","","","","","","","","","","","","","","","","","","","","","","","","","","","","","","","","","","","","","","","","","","","","","","",
"Ecuador","ECU","Depth of the food deficit (kilocalories per person per day)","SN.ITK.DFCT","","","","","","","","","","","","","","","","","","","","","","","","","","","","","","","","","122","122","106","98","92","95","100","105","110","114","121","126","130","131","128","125","118","113","104","94","83","76","73","72","70",
"Egypt, Arab Rep.","EGY","Depth of the food deficit (kilocalories per person per day)","SN.ITK.DFCT","","","","","","","","","","","","","","","","","","","","","","","","","","","","","","","","","26","26","26","25","23","21","20","19","19","19","18","19","21","23","25","26","26","25","22","17","13","12","12","12","12",
"Euro area","EMU","Depth of the food deficit (kilocalories per person per day)","SN.ITK.DFCT","","","","","","","","","","","","","","","","","","","","","","","","","","","","","","","","","","","","","","","","","","","","","","","","","","","","","","","","","",
"Eritrea","ERI","Depth of the food deficit (kilocalories per person per day)","SN.ITK.DFCT","","","","","","","","","","","","","","","","","","","","","","","","","","","","","","","","","","","","","","","","","","","","","","","","","","","","","","","","","",
"Spain","ESP","Depth of the food deficit (kilocalories per person per day)","SN.ITK.DFCT","","","","","","","","","","","","","","","","","","","","","","","","","","","","","","","","","","","","","","","","","","","","","","","","","","","","","","","","","",
"Estonia","EST","Depth of the food deficit (kilocalories per person per day)","SN.ITK.DFCT","","","","","","","","","","","","","","","","","","","","","","","","","","","","","","","","","","","","","","","","","","","","","","","","","","","","","","","","","",
"Ethiopia","ETH","Depth of the food deficit (kilocalories per person per day)","SN.ITK.DFCT","","","","","","","","","","","","","","","","","","","","","","","","","","","","","","","","","644","673","640","631","607","580","543","515","488","457","424","395","375","357","341","324","314","304","291","276","264","256","250","244","236",
"European Union","EUU","Depth of the food deficit (kilocalories per person per day)","SN.ITK.DFCT","","","","","","","","","","","","","","","","","","","","","","","","","","","","","","","","","","","","","","","","","","","","","","","","","","","","","","","","","",
"Fragile and conflict affected situations","FCS","Depth of the food deficit (kilocalories per person per day)","SN.ITK.DFCT","","","","","","","","","","","","","","","","","","","","","","","","","","","","","","","","","299.668675342353","306.546667067759","309.679043813432","311.381985214966","307.538017535859","298.959865924589","289.877592106602","282.278904760351","276.83308082329","272.396296940614","266.40347489995","259.173089354623","250.009035691439","240.993195438833","231.965541399658","223.280969689851","212.648291465922","202.878261420759","192.794836914585","185.076117106287","","","","","",
"Finland","FIN","Depth of the food deficit (kilocalories per person per day)","SN.ITK.DFCT","","","","","","","","","","","","","","","","","","","","","","","","","","","","","","","","","","","","","","","","","","","","","","","","","","","","","","","","","",
"Fiji","FJI","Depth of the food deficit (kilocalories per person per day)","SN.ITK.DFCT","","","","","","","","","","","","","","","","","","","","","","","","","","","","","","","","","42","39","37","34","34","35","34","32","32","32","31","30","30","29","29","29","28","29","30","30","31","30","30","30","30",
"France","FRA","Depth of the food deficit (kilocalories per person per day)","SN.ITK.DFCT","","","","","","","","","","","","","","","","","","","","","","","","","","","","","","","","","","","","","","","","","","","","","","","","","","","","","","","","","",
"Faroe Islands","FRO","Depth of the food deficit (kilocalories per person per day)","SN.ITK.DFCT","","","","","","","","","","","","","","","","","","","","","","","","","","","","","","","","","","","","","","","","","","","","","","","","","","","","","","","","","",
"Micronesia, Fed. Sts.","FSM","Depth of the food deficit (kilocalories per person per day)","SN.ITK.DFCT","","","","","","","","","","","","","","","","","","","","","","","","","","","","","","","","","","","","","","","","","","","","","","","","","","","","","","","","","",
"Gabon","GAB","Depth of the food deficit (kilocalories per person per day)","SN.ITK.DFCT","","","","","","","","","","","","","","","","","","","","","","","","","","","","","","","","","70","57","61","58","57","51","44","39","32","28","25","26","28","28","27","26","26","26","27","26","24","22","20","19","18",
"United Kingdom","GBR","Depth of the food deficit (kilocalories per person per day)","SN.ITK.DFCT","","","","","","","","","","","","","","","","","","","","","","","","","","","","","","","","","","","","","","","","","","","","","","","","","","","","","","","","","",
"Georgia","GEO","Depth of the food deficit (kilocalories per person per day)","SN.ITK.DFCT","","","","","","","","","","","","","","","","","","","","","","","","","","","","","","","","","463","744","586","566","376","225","119","80","93","112","127","107","81","59","48","46","48","51","58","68","77","76","68","60","55",
"Ghana","GHA","Depth of the food deficit (kilocalories per person per day)","SN.ITK.DFCT","","","","","","","","","","","","","","","","","","","","","","","","","","","","","","","","","352","264","239","188","166","152","145","139","129","118","106","97","90","83","76","69","61","54","47","42","36","31","25","22","19",
"Gibraltar","GIB","Depth of the food deficit (kilocalories per person per day)","SN.ITK.DFCT","","","","","","","","","","","","","","","","","","","","","","","","","","","","","","","","","","","","","","","","","","","","","","","","","","","","","","","","","",
"Guinea","GIN","Depth of the food deficit (kilocalories per person per day)","SN.ITK.DFCT","","","","","","","","","","","","","","","","","","","","","","","","","","","","","","","","","165","161","161","164","170","180","192","203","203","196","187","183","179","173","164","156","147","140","133","129","125","122","120","118","115",
"Gambia, The","GMB","Depth of the food deficit (kilocalories per person per day)","SN.ITK.DFCT","","","","","","","","","","","","","","","","","","","","","","","","","","","","","","","","","86","87","95","104","114","116","117","112","104","91","83","84","89","94","97","97","94","84","71","55","44","37","34","33","32",
"Guinea-Bissau","GNB","Depth of the food deficit (kilocalories per person per day)","SN.ITK.DFCT","","","","","","","","","","","","","","","","","","","","","","","","","","","","","","","","","156","147","144","141","143","153","172","194","203","198","184","176","173","174","176","179","179","175","165","159","155","155","157","152","143",
"Equatorial Guinea","GNQ","Depth of the food deficit (kilocalories per person per day)","SN.ITK.DFCT","","","","","","","","","","","","","","","","","","","","","","","","","","","","","","","","","","","","","","","","","","","","","","","","","","","","","","","","","",
"Greece","GRC","Depth of the food deficit (kilocalories per person per day)","SN.ITK.DFCT","","","","","","","","","","","","","","","","","","","","","","","","","","","","","","","","","","","","","","","","","","","","","","","","","","","","","","","","","",
"Grenada","GRD","Depth of the food deficit (kilocalories per person per day)","SN.ITK.DFCT","","","","","","","","","","","","","","","","","","","","","","","","","","","","","","","","","","","","","","","","","","","","","","","","","","","","","","","","","",
"Greenland","GRL","Depth of the food deficit (kilocalories per person per day)","SN.ITK.DFCT","","","","","","","","","","","","","","","","","","","","","","","","","","","","","","","","","","","","","","","","","","","","","","","","","","","","","","","","","",
"Guatemala","GTM","Depth of the food deficit (kilocalories per person per day)","SN.ITK.DFCT","","","","","","","","","","","","","","","","","","","","","","","","","","","","","","","","","89","92","92","91","93","104","119","135","138","137","125","115","104","101","101","100","98","95","96","94","95","95","99","101","101",
"Guam","GUM","Depth of the food deficit (kilocalories per person per day)","SN.ITK.DFCT","","","","","","","","","","","","","","","","","","","","","","","","","","","","","","","","","","","","","","","","","","","","","","","","","","","","","","","","","",
"Guyana","GUY","Depth of the food deficit (kilocalories per person per day)","SN.ITK.DFCT","","","","","","","","","","","","","","","","","","","","","","","","","","","","","","","","","166","160","148","132","116","102","92","84","77","70","65","63","63","64","67","69","72","75","78","79","79","79","79","77","74",
"High income","HIC","Depth of the food deficit (kilocalories per person per day)","SN.ITK.DFCT","","","","","","","","","","","","","","","","","","","","","","","","","","","","","","","","","","","","","","","","","","","","","","","","","","","","","","","","","",
"Hong Kong SAR, China","HKG","Depth of the food deficit (kilocalories per person per day)","SN.ITK.DFCT","","","","","","","","","","","","","","","","","","","","","","","","","","","","","","","","","","","","","","","","","","","","","","","","","","","","","","","","","",
"Honduras","HND","Depth of the food deficit (kilocalories per person per day)","SN.ITK.DFCT","","","","","","","","","","","","","","","","","","","","","","","","","","","","","","","","","154","151","146","142","136","132","129","129","128","127","124","119","115","113","113","112","109","105","104","104","102","96","89","85","85",
"Heavily indebted poor countries (HIPC)","HPC","Depth of the food deficit (kilocalories per person per day)","SN.ITK.DFCT","","","","","","","","","","","","","","","","","","","","","","","","","","","","","","","","","307.811060512638","311.073230337007","309.001122758138","307.866153583259","303.352956007272","296.775486265244","288.789048130988","282.315541477713","274.498778277719","266.532473593108","258.458825578402","251.234250520972","243.596232934062","235.554702267924","227.400644797922","219.018327576548","211.881171909319","205.50465872357","199.388068209039","193.090091377882","187.482580718339","181.957500895047","178.424722150088","176.419574333019","174.412600947777",
"Croatia","HRV","Depth of the food deficit (kilocalories per person per day)","SN.ITK.DFCT","","","","","","","","","","","","","","","","","","","","","","","","","","","","","","","","","","","","","","","","","","","","","","","","","","","","","","","","","",
"Haiti","HTI","Depth of the food deficit (kilocalories per person per day)","SN.ITK.DFCT","","","","","","","","","","","","","","","","","","","","","","","","","","","","","","","","","519","525","543","561","575","575","569","561","549","544","545","560","573","585","586","581","566","549","524","503","489","490","510","530","546",
"Hungary","HUN","Depth of the food deficit (kilocalories per person per day)","SN.ITK.DFCT","","","","","","","","","","","","","","","","","","","","","","","","","","","","","","","","","","","","","","","","","","","","","","","","","","","","","","","","","",
"IBRD only","IBD","Depth of the food deficit (kilocalories per person per day)","SN.ITK.DFCT","","","","","","","","","","","","","","","","","","","","","","","","","","","","","","","","","156.90793674793","154.958061335517","151.119131622906","144.120151540998","135.705906202083","127.524262035779","121.739688688064","117.726273749297","115.136337478706","113.506216926416","113.200290953662","114.771312115321","116.457859150701","117.501627159237","116.824808042843","113.163419400156","106.702819831878","100.074925633355","93.4538243269711","88.3859660127146","84.0450626963905","80.4851987569556","77.8126716832173","75.3093607672181","72.988215589039",
"IDA & IBRD total","IBT","Depth of the food deficit (kilocalories per person per day)","SN.ITK.DFCT","","","","","","","","","","","","","","","","","","","","","","","","","","","","","","","","","175.460797523725","174.241487837768","170.981031925437","165.334595677221","158.002030784233","150.528508887706","144.755377800559","140.247094780907","136.508955923604","133.65364602889","132.359907027346","133.042943141451","133.63996214762","133.111552870447","130.955699102598","126.336541488684","119.890031391027","113.651541936831","107.661800536061","102.910468267628","98.3452419846017","95.0810611974068","92.775639538804","90.7186558505458","88.8055438479187",
"IDA total","IDA","Depth of the food deficit (kilocalories per person per day)","SN.ITK.DFCT","","","","","","","","","","","","","","","","","","","","","","","","","","","","","","","","","250.849972805126","251.758389074778","249.976605444844","248.821188717683","244.835882246575","239.210497883617","232.583173054134","225.307599313506","216.377850893242","208.122883246551","202.391403279525","199.079030605507","195.043410801222","188.280246714127","180.348400527322","171.873235231957","164.969705988463","159.539813308641","155.113388669251","150.830983323488","146.288150692061","143.418995093652","141.724602798053","140.513790518961","139.304471780391",
"IDA blend","IDB","Depth of the food deficit (kilocalories per person per day)","SN.ITK.DFCT","","","","","","","","","","","","","","","","","","","","","","","","","","","","","","","","","167.044479186414","163.305149652869","155.837008611868","149.893567609487","143.451785883328","139.552390791879","138.417852754878","137.876321002544","135.830378710065","135.418162815568","138.887808116824","145.055033410176","148.250969340793","144.9225612774","137.068377590331","128.152928861781","121.106388023675","116.677266222427","114.175302942712","111.890731026455","110.40895689709","109.439504033289","109.396627943811","109.336237014088","109.928018184618",
"Indonesia","IDN","Depth of the food deficit (kilocalories per person per day)","SN.ITK.DFCT","","","","","","","","","","","","","","","","","","","","","","","","","","","","","","","","","136","131","125","116","107","101","100","106","113","122","129","134","135","135","136","136","135","129","113","94","76","63","55","51","51",
"IDA only","IDX","Depth of the food deficit (kilocalories per person per day)","SN.ITK.DFCT","","","","","","","","","","","","","","","","","","","","","","","","","","","","","","","","","297.959218801294","301.389239774646","302.68977718008","304.107280592057","301.411278383883","294.759500182565","285.009663604755","273.908553865683","261.086085840923","248.407784593776","237.513771370143","228.90790962105","220.848298080978","212.178984788883","204.210793191793","196.002622452307","189.214757535547","183.271670509335","177.832551266458","172.48694409238","167.168151372987","163.21715396113","160.583607109654","158.723834561488","156.48253533453",
"Isle of Man","IMN","Depth of the food deficit (kilocalories per person per day)","SN.ITK.DFCT","","","","","","","","","","","","","","","","","","","","","","","","","","","","","","","","","","","","","","","","","","","","","","","","","","","","","","","","","",
"India","IND","Depth of the food deficit (kilocalories per person per day)","SN.ITK.DFCT","","","","","","","","","","","","","","","","","","","","","","","","","","","","","","","","","165","154","156","154","151","142","133","125","120","118","122","131","141","149","152","146","134","122","115","112","111","110","110","110","109",
"Not classified","INX","Depth of the food deficit (kilocalories per person per day)","SN.ITK.DFCT","","","","","","","","","","","","","","","","","","","","","","","","","","","","","","","","","","","","","","","","","","","","","","","","","","","","","","","","","",
"Ireland","IRL","Depth of the food deficit (kilocalories per person per day)","SN.ITK.DFCT","","","","","","","","","","","","","","","","","","","","","","","","","","","","","","","","","","","","","","","","","","","","","","","","","","","","","","","","","",
"Iran, Islamic Rep.","IRN","Depth of the food deficit (kilocalories per person per day)","SN.ITK.DFCT","","","","","","","","","","","","","","","","","","","","","","","","","","","","","","","","","31","28","27","26","27","29","31","32","33","36","39","43","46","48","48","48","49","49","48","47","45","43","41","36","31",
"Iraq","IRQ","Depth of the food deficit (kilocalories per person per day)","SN.ITK.DFCT","","","","","","","","","","","","","","","","","","","","","","","","","","","","","","","","","46","82","94","123","134","145","158","167","168","160","155","157","167","179","189","203","211","215","209","203","197","193","190","188","185",
"Iceland","ISL","Depth of the food deficit (kilocalories per person per day)","SN.ITK.DFCT","","","","","","","","","","","","","","","","","","","","","","","","","","","","","","","","","","","","","","","","","","","","","","","","","","","","","","","","","",
"Israel","ISR","Depth of the food deficit (kilocalories per person per day)","SN.ITK.DFCT","","","","","","","","","","","","","","","","","","","","","","","","","","","","","","","","","","","","","","","","","","","","","","","","","","","","","","","","","",
"Italy","ITA","Depth of the food deficit (kilocalories per person per day)","SN.ITK.DFCT","","","","","","","","","","","","","","","","","","","","","","","","","","","","","","","","","","","","","","","","","","","","","","","","","","","","","","","","","",
"Jamaica","JAM","Depth of the food deficit (kilocalories per person per day)","SN.ITK.DFCT","","","","","","","","","","","","","","","","","","","","","","","","","","","","","","","","","70","71","65","60","57","57","57","57","55","52","49","46","45","45","46","48","50","52","56","58","59","60","62","62","58",
"Jordan","JOR","Depth of the food deficit (kilocalories per person per day)","SN.ITK.DFCT","","","","","","","","","","","","","","","","","","","","","","","","","","","","","","","","","33","35","42","48","53","54","52","49","47","44","38","30","22","17","14","13","12","12","12","12","12","12","13","13","13",
"Japan","JPN","Depth of the food deficit (kilocalories per person per day)","SN.ITK.DFCT","","","","","","","","","","","","","","","","","","","","","","","","","","","","","","","","","","","","","","","","","","","","","","","","","","","","","","","","","",
"Kazakhstan","KAZ","Depth of the food deficit (kilocalories per person per day)","SN.ITK.DFCT","","","","","","","","","","","","","","","","","","","","","","","","","","","","","","","","","18","14","16","16","17","18","20","23","28","31","33","34","35","38","39","35","29","24","21","20","20","20","20","19","18",
"Kenya","KEN","Depth of the food deficit (kilocalories per person per day)","SN.ITK.DFCT","","","","","","","","","","","","","","","","","","","","","","","","","","","","","","","","","209","232","250","254","237","225","222","226","223","218","217","224","234","231","213","185","170","166","165","159","151","145","140","136","135",
"Kyrgyz Republic","KGZ","Depth of the food deficit (kilocalories per person per day)","SN.ITK.DFCT","","","","","","","","","","","","","","","","","","","","","","","","","","","","","","","","","105","109","106","107","107","107","97","90","95","105","117","116","106","87","73","66","65","64","61","55","50","45","42","41","40",
"Cambodia","KHM","Depth of the food deficit (kilocalories per person per day)","SN.ITK.DFCT","","","","","","","","","","","","","","","","","","","","","","","","","","","","","","","","","205","187","183","178","187","209","237","252","243","221","196","178","163","153","144","135","127","121","119","118","117","114","108","102","97",
"Kiribati","KIR","Depth of the food deficit (kilocalories per person per day)","SN.ITK.DFCT","","","","","","","","","","","","","","","","","","","","","","","","","","","","","","","","","46","41","41","38","38","37","36","34","31","28","27","27","28","29","30","29","29","30","30","29","27","25","24","23","22",
"St. Kitts and Nevis","KNA","Depth of the food deficit (kilocalories per person per day)","SN.ITK.DFCT","","","","","","","","","","","","","","","","","","","","","","","","","","","","","","","","","","","","","","","","","","","","","","","","","","","","","","","","","",
"Korea, Rep.","KOR","Depth of the food deficit (kilocalories per person per day)","SN.ITK.DFCT","","","","","","","","","","","","","","","","","","","","","","","","","","","","","","","","","14","14","13","13","12","11","11","11","12","12","12","13","13","13","13","13","12","12","10","9","7","6","5","4","4",
"Kuwait","KWT","Depth of the food deficit (kilocalories per person per day)","SN.ITK.DFCT","","","","","","","","","","","","","","","","","","","","","","","","","","","","","","","","","305","353","249","169","79","38","23","18","16","15","13","12","12","11","10","10","10","10","11","12","14","15","17","20","21",
"Latin America & Caribbean (excluding high income)","LAC","Depth of the food deficit (kilocalories per person per day)","SN.ITK.DFCT","","","","","","","","","","","","","","","","","","","","","","","","","","","","","","","","","107.163958026591","103.345130661488","103.567976408454","101.712134970909","99.9989224544316","98.7277969910233","97.4245811274885","96.7172411148817","94.2539650081957","89.9571600693874","84.62302766104","79.6689691228281","75.3567580179767","70.6019571813081","66.1287525988012","61.3568259169875","56.4797970444944","52.9692023335748","50.5087592699668","48.6118985688543","46.6706284528829","44.8435094141896","43.1691976053542","42.1086658534979","40.7989337871985",
"Lao PDR","LAO","Depth of the food deficit (kilocalories per person per day)","SN.ITK.DFCT","","","","","","","","","","","","","","","","","","","","","","","","","","","","","","","","","325","332","336","340","335","327","316","310","300","294","283","274","257","235","212","191","181","174","171","160","149","139","134","131","128",
"Lebanon","LBN","Depth of the food deficit (kilocalories per person per day)","SN.ITK.DFCT","","","","","","","","","","","","","","","","","","","","","","","","","","","","","","","","","13","13","14","14","14","13","12","11","11","12","13","14","16","19","22","25","27","28","29","30","30","31","34","33","29",
"Liberia","LBR","Depth of the food deficit (kilocalories per person per day)","SN.ITK.DFCT","","","","","","","","","","","","","","","","","","","","","","","","","","","","","","","","","211","200","227","258","296","312","303","284","273","279","292","310","320","324","319","313","306","295","285","280","279","275","269","261","256",
"Libya","LBY","Depth of the food deficit (kilocalories per person per day)","SN.ITK.DFCT","","","","","","","","","","","","","","","","","","","","","","","","","","","","","","","","","","","","","","","","","","","","","","","","","","","","","","","","","",
"St. Lucia","LCA","Depth of the food deficit (kilocalories per person per day)","SN.ITK.DFCT","","","","","","","","","","","","","","","","","","","","","","","","","","","","","","","","","","","","","","","","","","","","","","","","","","","","","","","","","",
"Latin America & Caribbean","LCN","Depth of the food deficit (kilocalories per person per day)","SN.ITK.DFCT","","","","","","","","","","","","","","","","","","","","","","","","","","","","","","","","","105.30860363433","101.349823416387","101.396859311898","99.4412276523829","97.714825717282","96.4514659328833","95.1614073209678","94.4486807141373","92.0645705806654","87.8868503609264","82.6761536981934","77.8875913707573","73.7054346942285","69.1473338137295","64.8233203213164","60.2187225635081","55.4764204371772","52.1106623027765","49.7371887840709","47.9293915087407","45.9913091609524","44.1997372151952","42.5320731800967","41.4724517444579","40.1405417692219",
"Least developed countries: UN classification","LDC","Depth of the food deficit (kilocalories per person per day)","SN.ITK.DFCT","","","","","","","","","","","","","","","","","","","","","","","","","","","","","","","","","312.022856492004","318.913810744549","321.231261827979","324.558782999603","321.861503472554","314.385255584749","303.441499674014","291.032358954048","276.930738251878","262.935022854904","250.757177618678","240.912288985616","231.606069949537","221.859618057458","213.114782363969","204.317287443527","196.985318321011","190.350156125637","184.162363579828","178.184792885218","172.760712417258","168.742644293516","166.183418499665","164.239145891599","161.862522682417",
"Low income","LIC","Depth of the food deficit (kilocalories per person per day)","SN.ITK.DFCT","","","","","","","","","","","","","","","","","","","","","","","","","","","","","","","","","306.705246036716","319.646745209968","321.707704995356","327.256260252179","327.161909224106","323.468997611979","315.710706036732","307.968802761211","298.874512790531","290.676711315549","282.420973787414","274.945068887053","265.736783391628","256.037039751933","246.14101978609","237.126933719201","229.87949315703","223.256333732334","216.693902926239","209.577975815278","203.24080745121","198.529019167759","195.801594626706","194.266323919982","192.277687441969",
"Liechtenstein","LIE","Depth of the food deficit (kilocalories per person per day)","SN.ITK.DFCT","","","","","","","","","","","","","","","","","","","","","","","","","","","","","","","","","","","","","","","","","","","","","","","","","","","","","","","","","",
"Sri Lanka","LKA","Depth of the food deficit (kilocalories per person per day)","SN.ITK.DFCT","","","","","","","","","","","","","","","","","","","","","","","","","","","","","","","","","228","235","243","248","246","252","257","263","265","265","268","268","270","269","266","262","255","247","238","230","224","217","209","200","192",
"Lower middle income","LMC","Depth of the food deficit (kilocalories per person per day)","SN.ITK.DFCT","","","","","","","","","","","","","","","","","","","","","","","","","","","","","","","","","181.597210262954","175.192521378428","173.040391043751","168.791888165505","163.206231256779","155.783152017255","149.456153146934","144.052533717454","139.054673770071","135.512992214251","135.619813169756","138.928737200332","142.218413976795","143.536345381637","142.265258917401","136.532852994385","128.331899845045","120.097316762277","113.705866140988","109.156867939495","105.018812599113","102.513255472838","101.131344552412","99.9561424943809","98.7207983683664",
"Low & middle income","LMY","Depth of the food deficit (kilocalories per person per day)","SN.ITK.DFCT","","","","","","","","","","","","","","","","","","","","","","","","","","","","","","","","","175.593147018871","174.532151255256","171.463874663972","166.030281650779","158.90192842415","151.575605312701","145.857585695978","141.318415376505","137.519529394191","134.636952023499","133.320206282104","133.963186958168","134.483475666901","133.902574886648","131.738599568424","127.193693405962","120.851593087846","114.718990366086","108.809243855182","104.0965747235","99.5636140915998","96.2965880058163","93.9903864759015","91.9301511577101","90.014507137136",
"Lesotho","LSO","Depth of the food deficit (kilocalories per person per day)","SN.ITK.DFCT","","","","","","","","","","","","","","","","","","","","","","","","","","","","","","","","","99","97","98","101","104","108","105","99","90","84","79","77","75","73","71","70","71","74","76","76","75","75","75","76","76",
"Late-demographic dividend","LTE","Depth of the food deficit (kilocalories per person per day)","SN.ITK.DFCT","","","","","","","","","","","","","","","","","","","","","","","","","","","","","","","","","180.758369081487","183.901038560776","176.348718502748","164.945433836752","151.665834060035","141.625174415538","135.397514001296","131.059172702059","128.371824737714","126.152560572551","123.420062927732","120.817745287745","117.984655103753","115.333136750052","112.780589398536","110.144111650103","105.564231214595","101.237453374612","94.9904947623739","89.5979077822501","84.0514146042164","79.3120414536535","75.1132218894488","70.882127365499","67.1802148337891",
"Lithuania","LTU","Depth of the food deficit (kilocalories per person per day)","SN.ITK.DFCT","","","","","","","","","","","","","","","","","","","","","","","","","","","","","","","","","","","","","","","","","","","","","","","","","","","","","","","","","",
"Luxembourg","LUX","Depth of the food deficit (kilocalories per person per day)","SN.ITK.DFCT","","","","","","","","","","","","","","","","","","","","","","","","","","","","","","","","","","","","","","","","","","","","","","","","","","","","","","","","","",
"Latvia","LVA","Depth of the food deficit (kilocalories per person per day)","SN.ITK.DFCT","","","","","","","","","","","","","","","","","","","","","","","","","","","","","","","","","","","","","","","","","","","","","","","","","","","","","","","","","",
"Macao SAR, China","MAC","Depth of the food deficit (kilocalories per person per day)","SN.ITK.DFCT","","","","","","","","","","","","","","","","","","","","","","","","","","","","","","","","","","","","","","","","","","","","","","","","","","","","","","","","","",
"St. Martin (French part)","MAF","Depth of the food deficit (kilocalories per person per day)","SN.ITK.DFCT","","","","","","","","","","","","","","","","","","","","","","","","","","","","","","","","","","","","","","","","","","","","","","","","","","","","","","","","","",
"Morocco","MAR","Depth of the food deficit (kilocalories per person per day)","SN.ITK.DFCT","","","","","","","","","","","","","","","","","","","","","","","","","","","","","","","","","39","44","50","54","52","49","45","43","43","45","47","46","43","41","39","39","39","39","39","39","37","35","34","33","31",
"Monaco","MCO","Depth of the food deficit (kilocalories per person per day)","SN.ITK.DFCT","","","","","","","","","","","","","","","","","","","","","","","","","","","","","","","","","","","","","","","","","","","","","","","","","","","","","","","","","",
"Moldova","MDA","Depth of the food deficit (kilocalories per person per day)","SN.ITK.DFCT","","","","","","","","","","","","","","","","","","","","","","","","","","","","","","","","","","","","","","","","","","","","","","","","","","","","","","","","","",
"Madagascar","MDG","Depth of the food deficit (kilocalories per person per day)","SN.ITK.DFCT","","","","","","","","","","","","","","","","","","","","","","","","","","","","","","","","","180","194","198","209","220","228","233","235","234","234","241","253","268","273","264","245","228","218","216","215","216","219","223","227","229",
"Maldives","MDV","Depth of the food deficit (kilocalories per person per day)","SN.ITK.DFCT","","","","","","","","","","","","","","","","","","","","","","","","","","","","","","","","","69","64","63","59","57","61","66","70","72","73","75","78","86","95","102","104","100","90","79","67","58","51","45","39","34",
"Middle East & North Africa","MEA","Depth of the food deficit (kilocalories per person per day)","SN.ITK.DFCT","","","","","","","","","","","","","","","","","","","","","","","","","","","","","","","","","42.0361562434982","45.0860698089431","46.6124029911032","50.4908937190874","51.4914814458383","52.6756562831244","53.9318360108726","54.1576484244342","53.830377956016","53.3888523942423","53.1886755873892","54.6239771584834","56.6403551483102","58.6169319374758","59.7875894060846","60.7874906911259","60.9413152786004","60.5266015115383","58.6433407762725","56.1599693742364","53.1453214172924","51.1756657496721","50.001790160766","48.6618817991802","47.0923418532337",
"Mexico","MEX","Depth of the food deficit (kilocalories per person per day)","SN.ITK.DFCT","","","","","","","","","","","","","","","","","","","","","","","","","","","","","","","","","46","46","46","45","43","41","39","36","33","31","31","34","37","38","36","33","31","30","29","29","30","31","30","30","29",
"Marshall Islands","MHL","Depth of the food deficit (kilocalories per person per day)","SN.ITK.DFCT","","","","","","","","","","","","","","","","","","","","","","","","","","","","","","","","","","","","","","","","","","","","","","","","","","","","","","","","","",
"Middle income","MIC","Depth of the food deficit (kilocalories per person per day)","SN.ITK.DFCT","","","","","","","","","","","","","","","","","","","","","","","","","","","","","","","","","165.888737503222","163.662262632853","160.073150131499","153.660725424405","145.842907505722","138.083098502029","132.37252699342","127.929740009273","124.393754830875","121.77586330307","120.863142708874","122.020177977624","123.209274036984","123.266570819525","121.639141334473","117.355800418761","110.961366815552","104.738033508054","98.7503307790216","94.1234303695952","89.550499302293","86.2816922686004","83.874454815367","81.6174679403573","79.5640187087705",
"Macedonia, FYR","MKD","Depth of the food deficit (kilocalories per person per day)","SN.ITK.DFCT","","","","","","","","","","","","","","","","","","","","","","","","","","","","","","","","","","","","","","","","","","","","","","","","","","","","","","","","","",
"Mali","MLI","Depth of the food deficit (kilocalories per person per day)","SN.ITK.DFCT","","","","","","","","","","","","","","","","","","","","","","","","","","","","","","","","","107","110","113","117","118","117","112","107","96","86","78","73","70","66","61","54","45","37","31","27","24","23","23","23","23",
"Malta","MLT","Depth of the food deficit (kilocalories per person per day)","SN.ITK.DFCT","","","","","","","","","","","","","","","","","","","","","","","","","","","","","","","","","","","","","","","","","","","","","","","","","","","","","","","","","",
"Myanmar","MMR","Depth of the food deficit (kilocalories per person per day)","SN.ITK.DFCT","","","","","","","","","","","","","","","","","","","","","","","","","","","","","","","","","511","515","516","509","502","485","468","453","444","430","404","372","341","313","287","260","229","199","171","149","132","120","113","108","103",
"Middle East & North Africa (excluding high income)","MNA","Depth of the food deficit (kilocalories per person per day)","SN.ITK.DFCT","","","","","","","","","","","","","","","","","","","","","","","","","","","","","","","","","43.5223376326584","46.5846741095868","47.9326944746395","51.0775096602172","52.8101261036513","54.7160709225952","56.7224072434966","57.5691446183002","57.6848487803741","57.5690525957974","57.5611989147793","59.1683875004918","61.2332448423029","63.3740979588704","64.6107240534029","65.7260295546901","65.9965683951072","65.547113683494","63.5202715713646","60.9365427236839","57.7662254775761","55.8270796442062","54.8012613051411","53.483888690548","51.9326901830015",
"Montenegro","MNE","Depth of the food deficit (kilocalories per person per day)","SN.ITK.DFCT","","","","","","","","","","","","","","","","","","","","","","","","","","","","","","","","","","","","","","","","","","","","","","","","","","","","","","","","","",
"Mongolia","MNG","Depth of the food deficit (kilocalories per person per day)","SN.ITK.DFCT","","","","","","","","","","","","","","","","","","","","","","","","","","","","","","","","","210","269","348","398","404","369","345","328","313","296","281","275","276","281","284","278","264","243","223","205","192","182","174","165","156",
"Northern Mariana Islands","MNP","Depth of the food deficit (kilocalories per person per day)","SN.ITK.DFCT","","","","","","","","","","","","","","","","","","","","","","","","","","","","","","","","","","","","","","","","","","","","","","","","","","","","","","","","","",
"Mozambique","MOZ","Depth of the food deficit (kilocalories per person per day)","SN.ITK.DFCT","","","","","","","","","","","","","","","","","","","","","","","","","","","","","","","","","437","467","474","472","440","389","346","319","317","321","325","317","302","287","277","273","266","258","244","231","216","205","195","188","181",
"Mauritania","MRT","Depth of the food deficit (kilocalories per person per day)","SN.ITK.DFCT","","","","","","","","","","","","","","","","","","","","","","","","","","","","","","","","","95","93","92","91","92","91","88","83","78","75","73","72","72","72","74","73","68","60","54","51","49","46","41","37","36",
"Mauritius","MUS","Depth of the food deficit (kilocalories per person per day)","SN.ITK.DFCT","","","","","","","","","","","","","","","","","","","","","","","","","","","","","","","","","57","56","55","53","50","47","47","49","50","50","47","45","43","41","39","38","38","37","37","35","35","36","36","36","35",
"Malawi","MWI","Depth of the food deficit (kilocalories per person per day)","SN.ITK.DFCT","","","","","","","","","","","","","","","","","","","","","","","","","","","","","","","","","332","341","352","341","318","286","262","239","217","196","183","181","186","191","189","180","166","155","149","145","142","140","139","139","139",
"Malaysia","MYS","Depth of the food deficit (kilocalories per person per day)","SN.ITK.DFCT","","","","","","","","","","","","","","","","","","","","","","","","","","","","","","","","","31","28","24","20","16","14","14","14","14","15","17","20","23","24","25","25","26","26","26","25","24","23","20","17","14",
"North America","NAC","Depth of the food deficit (kilocalories per person per day)","SN.ITK.DFCT","","","","","","","","","","","","","","","","","","","","","","","","","","","","","","","","","","","","","","","","","","","","","","","","","","","","","","","","","",
"Namibia","NAM","Depth of the food deficit (kilocalories per person per day)","SN.ITK.DFCT","","","","","","","","","","","","","","","","","","","","","","","","","","","","","","","","","252","260","273","284","288","282","276","264","243","213","189","176","175","175","176","181","194","218","250","278","295","303","315","323","325",
"New Caledonia","NCL","Depth of the food deficit (kilocalories per person per day)","SN.ITK.DFCT","","","","","","","","","","","","","","","","","","","","","","","","","","","","","","","","","","","","","","","","","","","","","","","","","","","","","","","","","",
"Niger","NER","Depth of the food deficit (kilocalories per person per day)","SN.ITK.DFCT","","","","","","","","","","","","","","","","","","","","","","","","","","","","","","","","","188","213","225","242","244","230","209","189","169","149","132","121","113","104","96","90","84","78","71","67","63","61","59","58","56",
"Nigeria","NGA","Depth of the food deficit (kilocalories per person per day)","SN.ITK.DFCT","","","","","","","","","","","","","","","","","","","","","","","","","","","","","","","","","140","116","103","88","81","75","71","67","61","57","55","56","53","49","43","39","36","35","36","36","37","37","39","40","42",
"Nicaragua","NIC","Depth of the food deficit (kilocalories per person per day)","SN.ITK.DFCT","","","","","","","","","","","","","","","","","","","","","","","","","","","","","","","","","420","405","395","366","339","321","309","300","281","256","229","206","192","184","179","171","164","158","155","150","144","136","130","126","122",
"Netherlands","NLD","Depth of the food deficit (kilocalories per person per day)","SN.ITK.DFCT","","","","","","","","","","","","","","","","","","","","","","","","","","","","","","","","","","","","","","","","","","","","","","","","","","","","","","","","","",
"Norway","NOR","Depth of the food deficit (kilocalories per person per day)","SN.ITK.DFCT","","","","","","","","","","","","","","","","","","","","","","","","","","","","","","","","","","","","","","","","","","","","","","","","","","","","","","","","","",
"Nepal","NPL","Depth of the food deficit (kilocalories per person per day)","SN.ITK.DFCT","","","","","","","","","","","","","","","","","","","","","","","","","","","","","","","","","149","155","163","169","171","170","168","162","157","150","147","141","133","121","111","102","95","85","74","64","58","53","50","49","51",
"Nauru","NRU","Depth of the food deficit (kilocalories per person per day)","SN.ITK.DFCT","","","","","","","","","","","","","","","","","","","","","","","","","","","","","","","","","","","","","","","","","","","","","","","","","","","","","","","","","",
"New Zealand","NZL","Depth of the food deficit (kilocalories per person per day)","SN.ITK.DFCT","","","","","","","","","","","","","","","","","","","","","","","","","","","","","","","","","","","","","","","","","","","","","","","","","","","","","","","","","",
"OECD members","OED","Depth of the food deficit (kilocalories per person per day)","SN.ITK.DFCT","","","","","","","","","","","","","","","","","","","","","","","","","","","","","","","","","","","","","","","","","","","","","","","","","","","","","","","","","",
"Oman","OMN","Depth of the food deficit (kilocalories per person per day)","SN.ITK.DFCT","","","","","","","","","","","","","","","","","","","","","","","","","","","","","","","","","118","125","129","138","141","145","138","126","107","90","82","79","80","79","77","72","65","56","48","42","40","39","38","36","33",
"Other small states","OSS","Depth of the food deficit (kilocalories per person per day)","SN.ITK.DFCT","","","","","","","","","","","","","","","","","","","","","","","","","","","","","","","","","","165.503771760514","167.440888419291","169.163889638975","169.779087589181","170.367388307551","172.354472492105","173.83044720822","169.998835940465","161.110933553159","151.255851432197","144.797403366303","141.322824120543","138.005565961412","135.497266928659","","","","","","","","","","",
"Pakistan","PAK","Depth of the food deficit (kilocalories per person per day)","SN.ITK.DFCT","","","","","","","","","","","","","","","","","","","","","","","","","","","","","","","","","179","183","170","164","156","154","156","158","159","162","172","185","195","194","188","181","175","170","167","166","167","169","170","171","172",
"Panama","PAN","Depth of the food deficit (kilocalories per person per day)","SN.ITK.DFCT","","","","","","","","","","","","","","","","","","","","","","","","","","","","","","","","","188","184","169","164","168","185","189","192","188","200","202","191","176","169","172","165","151","131","116","104","94","83","75","69","66",
"Peru","PER","Depth of the food deficit (kilocalories per person per day)","SN.ITK.DFCT","","","","","","","","","","","","","","","","","","","","","","","","","","","","","","","","","222","195","199","191","184","174","163","158","153","149","142","142","144","147","140","130","117","105","93","82","71","64","58","54","50",
"Philippines","PHL","Depth of the food deficit (kilocalories per person per day)","SN.ITK.DFCT","","","","","","","","","","","","","","","","","","","","","","","","","","","","","","","","","184","189","185","182","172","164","158","158","154","147","139","136","132","128","120","111","102","93","87","87","91","95","97","96","93",
"Palau","PLW","Depth of the food deficit (kilocalories per person per day)","SN.ITK.DFCT","","","","","","","","","","","","","","","","","","","","","","","","","","","","","","","","","","","","","","","","","","","","","","","","","","","","","","","","","",
"Papua New Guinea","PNG","Depth of the food deficit (kilocalories per person per day)","SN.ITK.DFCT","","","","","","","","","","","","","","","","","","","","","","","","","","","","","","","","","","","","","","","","","","","","","","","","","","","","","","","","","",
"Poland","POL","Depth of the food deficit (kilocalories per person per day)","SN.ITK.DFCT","","","","","","","","","","","","","","","","","","","","","","","","","","","","","","","","","","","","","","","","","","","","","","","","","","","","","","","","","",
"Pre-demographic dividend","PRE","Depth of the food deficit (kilocalories per person per day)","SN.ITK.DFCT","","","","","","","","","","","","","","","","","","","","","","","","","","","","","","","","","199.973505385704","200.413651615335","202.055996790221","202.041336488882","198.814335807106","194.606788145789","191.544256976592","189.264676936369","185.345253891566","182.485862303657","180.975840830871","180.309684410794","176.672102358","170.800122555149","163.256686966362","156.267463885481","150.621909028116","146.695046135728","143.673440974884","140.303833928913","134.54099835223","131.099743125899","129.32174467384","128.363400683421","128.110722432706",
"Puerto Rico","PRI","Depth of the food deficit (kilocalories per person per day)","SN.ITK.DFCT","","","","","","","","","","","","","","","","","","","","","","","","","","","","","","","","","","","","","","","","","","","","","","","","","","","","","","","","","",
"Korea, Dem. People’s Rep.","PRK","Depth of the food deficit (kilocalories per person per day)","SN.ITK.DFCT","","","","","","","","","","","","","","","","","","","","","","","","","","","","","","","","","173","184","200","215","240","267","287","294","294","297","296","292","278","269","267","280","298","318","333","341","344","344","344","344","343",
"Portugal","PRT","Depth of the food deficit (kilocalories per person per day)","SN.ITK.DFCT","","","","","","","","","","","","","","","","","","","","","","","","","","","","","","","","","","","","","","","","","","","","","","","","","","","","","","","","","",
"Paraguay","PRY","Depth of the food deficit (kilocalories per person per day)","SN.ITK.DFCT","","","","","","","","","","","","","","","","","","","","","","","","","","","","","","","","","133","136","131","123","113","106","103","99","95","91","89","83","75","71","72","76","77","81","84","84","83","81","80","76","71",
"West Bank and Gaza","PSE","Depth of the food deficit (kilocalories per person per day)","SN.ITK.DFCT","","","","","","","","","","","","","","","","","","","","","","","","","","","","","","","","","","","","","","","","","","","","","","","","","","","","","","","","","",
"Pacific island small states","PSS","Depth of the food deficit (kilocalories per person per day)","SN.ITK.DFCT","","","","","","","","","","","","","","","","","","","","","","","","","","","","","","","","","73.682706082584","71.9186540139004","72.2407909434794","68.6845551941039","64.7077622441521","60.1519383972383","55.9244539954311","52.6975441316374","50.7150189668394","50.0596789999911","48.9611208578481","47.9349789868577","46.3407211063775","44.4691348347681","43.2754815515274","42.1835944986098","40.6578075955071","40.6210447266117","40.3920451337556","40.4284545456419","40.4505976623879","39.9279777838131","40.2438479654043","40.8810700351151","41.7775902133727",
"Post-demographic dividend","PST","Depth of the food deficit (kilocalories per person per day)","SN.ITK.DFCT","","","","","","","","","","","","","","","","","","","","","","","","","","","","","","","","","","","","","","","","","","","","","","","","","","","","","","","","","",
"French Polynesia","PYF","Depth of the food deficit (kilocalories per person per day)","SN.ITK.DFCT","","","","","","","","","","","","","","","","","","","","","","","","","","","","","","","","","","","","","","","","","","","","","","","","","","","","","","","","","",
"Qatar","QAT","Depth of the food deficit (kilocalories per person per day)","SN.ITK.DFCT","","","","","","","","","","","","","","","","","","","","","","","","","","","","","","","","","","","","","","","","","","","","","","","","","","","","","","","","","",
"Romania","ROU","Depth of the food deficit (kilocalories per person per day)","SN.ITK.DFCT","","","","","","","","","","","","","","","","","","","","","","","","","","","","","","","","","","","","","","","","","","","","","","","","","","","","","","","","","",
"Russian Federation","RUS","Depth of the food deficit (kilocalories per person per day)","SN.ITK.DFCT","","","","","","","","","","","","","","","","","","","","","","","","","","","","","","","","","","","","","","","","","","","","","","","","","","","","","","","","","",
"Rwanda","RWA","Depth of the food deficit (kilocalories per person per day)","SN.ITK.DFCT","","","","","","","","","","","","","","","","","","","","","","","","","","","","","","","","","426","417","450","476","518","555","572","568","534","483","417","369","345","348","357","357","346","324","301","276","260","251","247","240","232",
"South Asia","SAS","Depth of the food deficit (kilocalories per person per day)","SN.ITK.DFCT","","","","","","","","","","","","","","","","","","","","","","","","","","","","","","","","","175.143847546112","168.402322950609","170.50949818361","170.305948240491","167.715781473689","159.913081235608","151.421578630664","142.653184340229","135.76477673576","131.682292459243","134.11273740637","141.209626071866","148.82861336732","153.465773297425","154.233883753439","148.231086994801","138.167740891816","128.254086029355","122.404737153745","119.779229774719","119.060914460953","118.535055887244","118.685843453578","118.697539969922","117.823135841181",
"Saudi Arabia","SAU","Depth of the food deficit (kilocalories per person per day)","SN.ITK.DFCT","","","","","","","","","","","","","","","","","","","","","","","","","","","","","","","","","18","21","25","28","28","24","19","14","11","9","8","9","12","14","16","17","17","18","18","17","15","13","11","10","9",
"Sudan","SDN","Depth of the food deficit (kilocalories per person per day)","SN.ITK.DFCT","","","","","","","","","","","","","","","","","","","","","","","","","","","","","","","","","283","260","251","227","212","202","200","200","198","193","185","178","174","174","175","173","169","168","169","176","","","","","",
"Senegal","SEN","Depth of the food deficit (kilocalories per person per day)","SN.ITK.DFCT","","","","","","","","","","","","","","","","","","","","","","","","","","","","","","","","","163","170","183","186","196","202","215","219","213","201","191","185","177","165","152","139","123","107","93","86","81","77","71","66","63",
"Singapore","SGP","Depth of the food deficit (kilocalories per person per day)","SN.ITK.DFCT","","","","","","","","","","","","","","","","","","","","","","","","","","","","","","","","","","","","","","","","","","","","","","","","","","","","","","","","","",
"Solomon Islands","SLB","Depth of the food deficit (kilocalories per person per day)","SN.ITK.DFCT","","","","","","","","","","","","","","","","","","","","","","","","","","","","","","","","","156","149","146","131","114","99","92","90","90","93","93","91","85","80","76","73","70","69","67","67","65","64","65","67","70",
"Sierra Leone","SLE","Depth of the food deficit (kilocalories per person per day)","SN.ITK.DFCT","","","","","","","","","","","","","","","","","","","","","","","","","","","","","","","","","333","323","315","299","281","265","254","255","270","293","312","319","318","316","305","285","260","242","227","212","196","180","169","162","160",
"El Salvador","SLV","Depth of the food deficit (kilocalories per person per day)","SN.ITK.DFCT","","","","","","","","","","","","","","","","","","","","","","","","","","","","","","","","","103","96","98","98","100","99","96","94","88","79","67","59","56","60","66","70","73","75","77","81","86","88","88","86","85",
"San Marino","SMR","Depth of the food deficit (kilocalories per person per day)","SN.ITK.DFCT","","","","","","","","","","","","","","","","","","","","","","","","","","","","","","","","","","","","","","","","","","","","","","","","","","","","","","","","","",
"Somalia","SOM","Depth of the food deficit (kilocalories per person per day)","SN.ITK.DFCT","","","","","","","","","","","","","","","","","","","","","","","","","","","","","","","","","","","","","","","","","","","","","","","","","","","","","","","","","",
"Serbia","SRB","Depth of the food deficit (kilocalories per person per day)","SN.ITK.DFCT","","","","","","","","","","","","","","","","","","","","","","","","","","","","","","","","","","","","","","","","","","","","","","","","","","","","","","","","","",
"Sub-Saharan Africa (excluding high income)","SSA","Depth of the food deficit (kilocalories per person per day)","SN.ITK.DFCT","","","","","","","","","","","","","","","","","","","","","","","","","","","","","","","","","249.391300816","247.825593129744","244.244020865979","240.337467896665","234.370894751817","227.96716561128","221.44917139985","216.529038907003","209.769239257897","202.962264991394","196.434554856661","191.664693379963","186.386327860142","180.210836554871","172.780272219664","165.092306375567","159.189137056155","154.711171946261","150.738970193931","146.073832114661","139.804484894193","135.747945932267","133.138803192973","131.249413926464","129.635278329112",
"South Sudan","SSD","Depth of the food deficit (kilocalories per person per day)","SN.ITK.DFCT","","","","","","","","","","","","","","","","","","","","","","","","","","","","","","","","","","","","","","","","","","","","","","","","","","","","","","","","","",
"Sub-Saharan Africa","SSF","Depth of the food deficit (kilocalories per person per day)","SN.ITK.DFCT","","","","","","","","","","","","","","","","","","","","","","","","","","","","","","","","","249.391300816","247.825593129744","244.244020865979","240.337467896665","234.370894751817","227.96716561128","221.44917139985","216.529038907003","209.769239257897","202.962264991394","196.434554856661","191.664693379963","186.386327860142","180.210836554871","172.780272219664","165.092306375567","159.189137056155","154.711171946261","150.738970193931","146.073832114661","139.804484894193","135.747945932267","133.138803192973","131.249413926464","129.635278329112",
"Small states","SST","Depth of the food deficit (kilocalories per person per day)","SN.ITK.DFCT","","","","","","","","","","","","","","","","","","","","","","","","","","","","","","","","","136.831045976153","136.54663166455","137.517915526942","137.739748308977","137.207076279361","136.77329133878","137.320105475711","137.8543025875","134.693518207932","128.03398854101","120.500338691908","115.573070742102","113.135200022257","111.089264213693","109.640619517143","108.950104250369","109.58016477876","110.477690452421","111.667194148238","111.308397401178","110.10521681098","108.435440529251","108.135050757507","106.937822679796","104.628652396093",
"Sao Tome and Principe","STP","Depth of the food deficit (kilocalories per person per day)","SN.ITK.DFCT","","","","","","","","","","","","","","","","","","","","","","","","","","","","","","","","","146","150","155","162","170","182","185","183","163","140","113","95","81","71","62","54","48","43","40","37","35","35","37","38","40",
"Suriname","SUR","Depth of the food deficit (kilocalories per person per day)","SN.ITK.DFCT","","","","","","","","","","","","","","","","","","","","","","","","","","","","","","","","","107","100","103","100","98","94","91","93","94","98","97","96","92","89","84","79","75","70","65","60","58","58","59","58","56",
"Slovak Republic","SVK","Depth of the food deficit (kilocalories per person per day)","SN.ITK.DFCT","","","","","","","","","","","","","","","","","","","","","","","","","","","","","","","","","","","","","","","","","","","","","","","","","","","","","","","","","",
"Slovenia","SVN","Depth of the food deficit (kilocalories per person per day)","SN.ITK.DFCT","","","","","","","","","","","","","","","","","","","","","","","","","","","","","","","","","","","","","","","","","","","","","","","","","","","","","","","","","",
"Sweden","SWE","Depth of the food deficit (kilocalories per person per day)","SN.ITK.DFCT","","","","","","","","","","","","","","","","","","","","","","","","","","","","","","","","","","","","","","","","","","","","","","","","","","","","","","","","","",
"Swaziland","SWZ","Depth of the food deficit (kilocalories per person per day)","SN.ITK.DFCT","","","","","","","","","","","","","","","","","","","","","","","","","","","","","","","","","97","102","103","112","122","139","155","166","158","143","126","116","107","103","105","117","132","147","158","165","172","178","186","190","192",
"Sint Maarten (Dutch part)","SXM","Depth of the food deficit (kilocalories per person per day)","SN.ITK.DFCT","","","","","","","","","","","","","","","","","","","","","","","","","","","","","","","","","","","","","","","","","","","","","","","","","","","","","","","","","",
"Seychelles","SYC","Depth of the food deficit (kilocalories per person per day)","SN.ITK.DFCT","","","","","","","","","","","","","","","","","","","","","","","","","","","","","","","","","","","","","","","","","","","","","","","","","","","","","","","","","",
"Syrian Arab Republic","SYR","Depth of the food deficit (kilocalories per person per day)","SN.ITK.DFCT","","","","","","","","","","","","","","","","","","","","","","","","","","","","","","","","","","","","","","","","","","","","","","","","","","","","","","","","","",
"Turks and Caicos Islands","TCA","Depth of the food deficit (kilocalories per person per day)","SN.ITK.DFCT","","","","","","","","","","","","","","","","","","","","","","","","","","","","","","","","","","","","","","","","","","","","","","","","","","","","","","","","","",
"Chad","TCD","Depth of the food deficit (kilocalories per person per day)","SN.ITK.DFCT","","","","","","","","","","","","","","","","","","","","","","","","","","","","","","","","","470","442","434","420","393","387","361","336","302","289","289","292","294","292","294","297","305","313","317","317","309","301","288","276","261",
"East Asia & Pacific (IDA & IBRD countries)","TEA","Depth of the food deficit (kilocalories per person per day)","SN.ITK.DFCT","","","","","","","","","","","","","","","","","","","","","","","","","","","","","","","","","199.627092225585","201.908044280381","193.636850314815","180.938260526168","166.631420183119","155.406420590114","148.813305188377","144.955311992429","142.811866516893","141.390906137088","139.303449477582","137.879275507637","135.934779141624","134.0708712374","131.600185697712","128.344974772943","122.876789716469","116.813001440428","107.635336773053","99.2962315985039","91.4284482798941","85.1761482439056","80.2156709778709","75.5901873503206","72.0454147805129",
"Europe & Central Asia (IDA & IBRD countries)","TEC","Depth of the food deficit (kilocalories per person per day)","SN.ITK.DFCT","","","","","","","","","","","","","","","","","","","","","","","","","","","","","","","","","","","","","","","","","","","","","","","","","","","","","","","","","",
"Togo","TGO","Depth of the food deficit (kilocalories per person per day)","SN.ITK.DFCT","","","","","","","","","","","","","","","","","","","","","","","","","","","","","","","","","268","297","291","284","261","239","223","214","207","203","200","198","193","185","175","167","159","153","145","139","127","114","96","85","75",
"Thailand","THA","Depth of the food deficit (kilocalories per person per day)","SN.ITK.DFCT","","","","","","","","","","","","","","","","","","","","","","","","","","","","","","","","","280","268","264","248","222","195","168","156","149","149","143","135","124","113","100","87","77","72","69","68","65","63","60","57","53",
"Tajikistan","TJK","Depth of the food deficit (kilocalories per person per day)","SN.ITK.DFCT","","","","","","","","","","","","","","","","","","","","","","","","","","","","","","","","","187","183","181","179","198","221","243","257","262","268","281","301","323","336","334","319","306","298","297","292","286","276","268","258","250",
"Turkmenistan","TKM","Depth of the food deficit (kilocalories per person per day)","SN.ITK.DFCT","","","","","","","","","","","","","","","","","","","","","","","","","","","","","","","","","57","56","54","53","57","61","65","65","62","58","55","52","47","41","37","34","32","32","32","32","32","30","27","24","22",
"Latin America & the Caribbean (IDA & IBRD countries)","TLA","Depth of the food deficit (kilocalories per person per day)","SN.ITK.DFCT","","","","","","","","","","","","","","","","","","","","","","","","","","","","","","","","","106.957646767218","102.309572394516","101.616555874205","98.7043464209773","96.5088695928873","95.3426459396444","94.5959738181703","94.5835582353572","92.7788950198012","88.9767226381882","83.8945307652287","79.157811613319","74.9529830623533","70.3449440319396","65.9549303964731","61.2208111392355","56.351115178522","52.8708138495836","50.4247881455752","48.5765689072091","46.5957592961334","44.8208967140632","43.1531951939387","42.1054346792189","40.7617376661375",
"Timor-Leste","TLS","Depth of the food deficit (kilocalories per person per day)","SN.ITK.DFCT","","","","","","","","","","","","","","","","","","","","","","","","","","","","","","","","","323","284","265","241","238","244","266","286","302","300","282","256","235","227","229","232","231","227","223","220","214","207","198","190","184",
"Middle East & North Africa (IDA & IBRD countries)","TMN","Depth of the food deficit (kilocalories per person per day)","SN.ITK.DFCT","","","","","","","","","","","","","","","","","","","","","","","","","","","","","","","","","43.5223376326584","46.5846741095868","47.9326944746395","51.0775096602172","52.8101261036513","54.7160709225952","56.7224072434966","57.5691446183002","57.6848487803741","57.5690525957974","57.5611989147793","59.1683875004918","61.2332448423029","63.3740979588704","64.6107240534029","65.7260295546901","65.9965683951072","65.547113683494","63.5202715713646","60.9365427236839","57.7662254775761","55.8270796442062","54.8012613051411","53.483888690548","51.9326901830015",
"Tonga","TON","Depth of the food deficit (kilocalories per person per day)","SN.ITK.DFCT","","","","","","","","","","","","","","","","","","","","","","","","","","","","","","","","","","","","","","","","","","","","","","","","","","","","","","","","","",
"South Asia (IDA & IBRD)","TSA","Depth of the food deficit (kilocalories per person per day)","SN.ITK.DFCT","","","","","","","","","","","","","","","","","","","","","","","","","","","","","","","","","175.143847546112","168.402322950609","170.50949818361","170.305948240491","167.715781473689","159.913081235608","151.421578630664","142.653184340229","135.76477673576","131.682292459243","134.11273740637","141.209626071866","148.82861336732","153.465773297425","154.233883753439","148.231086994801","138.167740891816","128.254086029355","122.404737153745","119.779229774719","119.060914460953","118.535055887244","118.685843453578","118.697539969922","117.823135841181",
"Sub-Saharan Africa (IDA & IBRD countries)","TSS","Depth of the food deficit (kilocalories per person per day)","SN.ITK.DFCT","","","","","","","","","","","","","","","","","","","","","","","","","","","","","","","","","249.391300816","247.825593129744","244.244020865979","240.337467896665","234.370894751817","227.96716561128","221.44917139985","216.529038907003","209.769239257897","202.962264991394","196.434554856661","191.664693379963","186.386327860142","180.210836554871","172.780272219664","165.092306375567","159.189137056155","154.711171946261","150.738970193931","146.073832114661","139.804484894193","135.747945932267","133.138803192973","131.249413926464","129.635278329112",
"Trinidad and Tobago","TTO","Depth of the food deficit (kilocalories per person per day)","SN.ITK.DFCT","","","","","","","","","","","","","","","","","","","","","","","","","","","","","","","","","88","94","105","113","115","113","109","107","104","98","89","85","86","90","91","89","85","81","79","77","74","69","64","59","55",
"Tunisia","TUN","Depth of the food deficit (kilocalories per person per day)","SN.ITK.DFCT","","","","","","","","","","","","","","","","","","","","","","","","","","","","","","","","","5","6","6","6","6","6","6","5","4","4","5","6","7","7","7","7","7","7","6","6","5","5","4","4","3",
"Turkey","TUR","Depth of the food deficit (kilocalories per person per day)","SN.ITK.DFCT","","","","","","","","","","","","","","","","","","","","","","","","","","","","","","","","","3","4","4","4","4","4","5","5","5","6","6","7","8","7","6","4","2","2","2","2","2","1","1","1","1",
"Tuvalu","TUV","Depth of the food deficit (kilocalories per person per day)","SN.ITK.DFCT","","","","","","","","","","","","","","","","","","","","","","","","","","","","","","","","","","","","","","","","","","","","","","","","","","","","","","","","","",
"Tanzania","TZA","Depth of the food deficit (kilocalories per person per day)","SN.ITK.DFCT","","","","","","","","","","","","","","","","","","","","","","","","","","","","","","","","","157","161","178","198","219","239","250","258","260","266","270","277","278","280","273","263","254","251","257","259","258","248","241","237","238",
"Uganda","UGA","Depth of the food deficit (kilocalories per person per day)","SN.ITK.DFCT","","","","","","","","","","","","","","","","","","","","","","","","","","","","","","","","","150","158","162","166","172","183","196","202","198","195","194","187","171","151","143","145","156","164","168","167","165","166","167","170","172",
"Ukraine","UKR","Depth of the food deficit (kilocalories per person per day)","SN.ITK.DFCT","","","","","","","","","","","","","","","","","","","","","","","","","","","","","","","","","","","","","","","","","","","","","","","","","","","","","","","","","",
"Upper middle income","UMC","Depth of the food deficit (kilocalories per person per day)","SN.ITK.DFCT","","","","","","","","","","","","","","","","","","","","","","","","","","","","","","","","","149.726549859646","151.711094333452","146.53507405299","137.749370971579","127.453648773847","119.205276717157","114.020642191373","110.479150158072","108.39987218868","106.664836680765","104.492588578396","103.100528272991","101.756288240382","100.199487235448","97.9722122684651","95.1694686689528","90.7026795201113","86.6842819512847","81.031450458286","76.1747932885158","71.1900574734345","66.8802144703799","63.106655270555","59.3989016043845","56.2037338235538",
"Uruguay","URY","Depth of the food deficit (kilocalories per person per day)","SN.ITK.DFCT","","","","","","","","","","","","","","","","","","","","","","","","","","","","","","","","","58","42","38","34","33","35","34","33","30","28","26","27","29","29","29","27","25","24","24","23","22","23","25","25","24",
"United States","USA","Depth of the food deficit (kilocalories per person per day)","SN.ITK.DFCT","","","","","","","","","","","","","","","","","","","","","","","","","","","","","","","","","","","","","","","","","","","","","","","","","","","","","","","","","",
"Uzbekistan","UZB","Depth of the food deficit (kilocalories per person per day)","SN.ITK.DFCT","","","","","","","","","","","","","","","","","","","","","","","","","","","","","","","","","20","21","20","22","24","29","36","45","57","75","95","113","120","114","101","84","71","64","60","58","52","45","37","31","29",
"St. Vincent and the Grenadines","VCT","Depth of the food deficit (kilocalories per person per day)","SN.ITK.DFCT","","","","","","","","","","","","","","","","","","","","","","","","","","","","","","","","","145","141","143","143","155","167","175","170","154","137","121","109","94","81","72","66","61","56","53","49","46","45","46","46","45",
"Venezuela, RB","VEN","Depth of the food deficit (kilocalories per person per day)","SN.ITK.DFCT","","","","","","","","","","","","","","","","","","","","","","","","","","","","","","","","","91","85","86","91","98","107","116","126","123","112","103","102","103","92","77","59","43","29","19","14","13","12","12","10","9",
"British Virgin Islands","VGB","Depth of the food deficit (kilocalories per person per day)","SN.ITK.DFCT","","","","","","","","","","","","","","","","","","","","","","","","","","","","","","","","","","","","","","","","","","","","","","","","","","","","","","","","","",
"Virgin Islands (U.S.)","VIR","Depth of the food deficit (kilocalories per person per day)","SN.ITK.DFCT","","","","","","","","","","","","","","","","","","","","","","","","","","","","","","","","","","","","","","","","","","","","","","","","","","","","","","","","","",
"Vietnam","VNM","Depth of the food deficit (kilocalories per person per day)","SN.ITK.DFCT","","","","","","","","","","","","","","","","","","","","","","","","","","","","","","","","","368","356","319","285","261","254","254","247","228","206","188","173","160","150","144","141","137","129","119","110","103","99","95","89","83",
"Vanuatu","VUT","Depth of the food deficit (kilocalories per person per day)","SN.ITK.DFCT","","","","","","","","","","","","","","","","","","","","","","","","","","","","","","","","","69","72","75","77","76","71","63","57","52","50","51","52","51","49","47","44","41","38","37","37","39","40","40","41","41",
"World","WLD","Depth of the food deficit (kilocalories per person per day)","SN.ITK.DFCT","","","","","","","","","","","","","","","","","","","","","","","","","","","","","","","","","171.920656064317","170.866155435176","167.872342198211","162.569263642335","155.577025136183","148.394810759984","142.799727069838","138.349172363287","134.634426861459","131.814290936229","130.532021861534","131.191618322754","131.721349347611","131.17080441343","129.0746930259","124.646883783241","118.457761680018","112.479462864034","106.703778264482","102.08211166612","97.6060155817117","94.3845849337038","92.2958162183049","90.2544601416746","88.3596073050333",
"Samoa","WSM","Depth of the food deficit (kilocalories per person per day)","SN.ITK.DFCT","","","","","","","","","","","","","","","","","","","","","","","","","","","","","","","","","69","78","91","101","100","90","78","67","53","41","32","28","26","25","24","24","24","24","23","23","22","23","23","22","22",
"Kosovo","XKX","Depth of the food deficit (kilocalories per person per day)","SN.ITK.DFCT","","","","","","","","","","","","","","","","","","","","","","","","","","","","","","","","","","","","","","","","","","","","","","","","","","","","","","","","","",
"Yemen, Rep.","YEM","Depth of the food deficit (kilocalories per person per day)","SN.ITK.DFCT","","","","","","","","","","","","","","","","","","","","","","","","","","","","","","","","","179","178","174","178","186","194","199","199","195","192","191","197","203","207","206","200","191","186","184","183","179","177","177","180","182",
"South Africa","ZAF","Depth of the food deficit (kilocalories per person per day)","SN.ITK.DFCT","","","","","","","","","","","","","","","","","","","","","","","","","","","","","","","","","30","31","32","33","34","35","36","36","35","33","30","29","27","27","26","26","27","27","26","24","21","19","16","14","13",
"Zambia","ZMB","Depth of the food deficit (kilocalories per person per day)","SN.ITK.DFCT","","","","","","","","","","","","","","","","","","","","","","","","","","","","","","","","","235","243","246","246","239","238","252","276","301","324","350","368","384","391","405","422","444","457","455","442","429","421","415","411","405",
"Zimbabwe","ZWE","Depth of the food deficit (kilocalories per person per day)","SN.ITK.DFCT","","","","","","","","","","","","","","","","","","","","","","","","","","","","","","","","","327","344","352","363","367","363","354","348","347","349","348","345","341","338","331","319","303","290","278","267","256","255","259","264","259",
